query.acc.ver	subject.acc.ver	perc.identity	alignment.length	mismatches	gap.opens	q.start	q.end	s.start	s.end	evalue	bit.score
CP010569.1	VFG051313(gb|WP_011324727.1)	99.309	5355	37	0	480822	486176	1	5355	0.0	9684
CP010569.1	VFG051302(gb|WP_011324726.1)	99.354	5262	25	2	475387	480645	1	5256	0.0	9520
CP010569.1	VFG051303(gb|NP_219923.1)	99.297	5262	28	2	475387	480645	1	5256	0.0	9503
CP010569.1	VFG051304(gb|WP_012263652.1)	98.575	5262	60	3	475387	480645	1	5250	0.0	9287
CP010569.1	VFG051301(gb|WP_009873792.1)	98.575	5262	60	3	475387	480645	1	5250	0.0	9287
CP010569.1	VFG051314(gb|NP_219924.1)	99.324	5031	34	0	481146	486176	283	5313	0.0	9103
CP010569.1	VFG051314(gb|NP_219924.1)	97.705	305	7	0	480822	481126	1	305	2.87e-145	525
CP010569.1	VFG051320(gb|WP_009873422.1)	99.608	4593	18	0	951686	956278	1	4593	0.0	8383
CP010569.1	VFG051317(gb|WP_009873422.1)	99.586	4593	19	0	951686	956278	1	4593	0.0	8377
CP010569.1	VFG051318(gb|WP_011324878.1)	99.434	4596	23	1	951686	956278	1	4596	0.0	8340
CP010569.1	VFG051319(gb|NP_220332.1)	99.413	4596	24	1	951686	956278	1	4596	0.0	8335
CP010569.1	VFG050233(gb|NP_219650)	99.195	4350	35	0	166367	170716	1	4350	0.0	7840
CP010569.1	VFG051360(gb|NP_220392.1)	100.000	3105	0	0	1029682	1032786	3105	1	0.0	5734
CP010569.1	VFG051368(gb|NP_220393.1)	99.967	3042	1	0	1032951	1035992	1	3042	0.0	5613
CP010569.1	VFG051435(gb|NP_220394.1)	99.607	3051	12	0	1036023	1039073	1	3051	0.0	5568
CP010569.1	VFG051367(gb|WP_011324914.1)	99.540	3042	14	0	1032951	1035992	1	3042	0.0	5541
CP010569.1	VFG002154(gb|NP_219969)	99.504	3024	9	2	532023	535046	1	3018	0.0	5496
CP010569.1	VFG002154(gb|NP_219969)	98.714	311	0	2	532476	532786	604	910	1.70e-152	549
CP010569.1	VFG002154(gb|NP_219969)	96.785	311	3	3	532629	532938	454	758	2.23e-141	512
CP010569.1	VFG002154(gb|NP_219969)	98.101	158	2	1	532476	532633	754	910	1.15e-69	274
CP010569.1	VFG002154(gb|NP_219969)	96.203	158	2	2	532782	532938	454	608	4.15e-64	255
CP010569.1	VFG051315(gb|WP_012263653.1)	99.428	2974	17	0	483203	486176	2352	5325	0.0	5398
CP010569.1	VFG051315(gb|WP_012263653.1)	98.774	2366	29	0	480822	483187	1	2366	0.0	4209
CP010569.1	VFG051289(gb|WP_009872639.1)	99.932	2928	2	0	472321	475248	1	2928	0.0	5397
CP010569.1	VFG051292(gb|WP_009872639.1)	99.898	2928	3	0	472321	475248	1	2928	0.0	5391
CP010569.1	VFG051291(gb|NP_219922.1)	99.898	2928	3	0	472321	475248	1	2928	0.0	5391
CP010569.1	VFG051312(gb|WP_009873793.1)	99.361	2974	19	0	483203	486176	2352	5325	0.0	5387
CP010569.1	VFG051312(gb|WP_009873793.1)	98.774	2366	29	0	480822	483187	1	2366	0.0	4209
CP010569.1	VFG051290(gb|WP_009871764.1)	99.863	2928	4	0	472321	475248	1	2928	0.0	5385
CP010569.1	VFG051330(gb|NP_220391.1)	99.793	2895	6	0	1026785	1029679	2895	1	0.0	5313
CP010569.1	VFG051369(gb|WP_012263578.1)	98.159	3042	56	0	1032951	1035992	1	3042	0.0	5308
CP010569.1	VFG051366(gb|WP_009873478.1)	98.028	3042	57	1	1032951	1035992	1	3039	0.0	5282
CP010569.1	VFG051331(gb|WP_009873476.1)	97.999	2898	55	1	1026785	1029679	2898	1	0.0	5027
CP010569.1	VFG051328(gb|WP_009873476.1)	97.930	2898	57	1	1026785	1029679	2898	1	0.0	5016
CP010569.1	VFG015594(gb|WP_009873286)	98.988	2766	28	0	771617	774382	1	2766	0.0	4953
CP010569.1	VFG015595(gb|WP_012263533)	98.952	2766	29	0	771617	774382	1	2766	0.0	4948
CP010569.1	VFG051447(gb|NP_220396.1)	99.469	2637	14	0	1040150	1042786	2637	1	0.0	4793
CP010569.1	VFG051446(gb|WP_011324917.1)	99.469	2637	14	0	1040150	1042786	2637	1	0.0	4793
CP010569.1	VFG051445(gb|WP_009873481.1)	99.166	2637	22	0	1040150	1042786	2637	1	0.0	4748
CP010569.1	VFG051434(gb|WP_011324915.1)	94.580	3063	148	9	1036023	1039073	1	3057	0.0	4721
CP010569.1	VFG002149(gb|NP_220193)	97.469	2766	70	0	771617	774382	1	2766	0.0	4721
CP010569.1	VFG016989(gb|WP_011324816)	97.433	2766	71	0	771617	774382	1	2766	0.0	4715
CP010569.1	VFG050263(gb|NP_220137)	99.404	2517	15	0	702861	705377	1	2517	0.0	4566
CP010569.1	VFG042197(gb|NP_220138)	99.640	2499	9	0	705441	707939	2499	1	0.0	4566
CP010569.1	VFG002139(gb|NP_220183)	99.759	2490	6	0	761950	764439	1	2490	0.0	4566
CP010569.1	VFG049494(gb|WP_011324813)	99.719	2490	7	0	761950	764439	1	2490	0.0	4560
CP010569.1	VFG049496(gb|WP_012263531)	99.478	2490	13	0	761950	764439	1	2490	0.0	4527
CP010569.1	VFG049495(gb|WP_009873279)	99.478	2490	13	0	761950	764439	1	2490	0.0	4527
CP010569.1	VFG051329(gb|WP_011324912.1)	94.570	2910	122	14	1026785	1029679	2889	1	0.0	4466
CP010569.1	VFG051359(gb|WP_011324913.1)	91.947	3117	227	22	1029682	1032786	3105	1	0.0	4344
CP010569.1	VFG050267(gb|NP_220230)	99.740	2304	6	0	822473	824776	1	2304	0.0	4222
CP010569.1	VFG016859(gb|WP_009871438)	99.859	2127	3	0	104003	106129	2127	1	0.0	3912
CP010569.1	VFG015568(gb|WP_009871438)	99.812	2127	4	0	104003	106129	2127	1	0.0	3906
CP010569.1	VFG002126(gb|NP_219593)	99.812	2127	4	0	104003	106129	2127	1	0.0	3906
CP010569.1	VFG051433(gb|WP_009873479.1)	94.252	2540	140	4	1036540	1039073	482	3021	0.0	3877
CP010569.1	VFG051433(gb|WP_009873479.1)	96.739	460	13	2	1036023	1036481	1	459	0.0	765
CP010569.1	VFG051436(gb|WP_012263579.1)	93.880	2549	141	5	1036540	1039073	482	3030	0.0	3829
CP010569.1	VFG051436(gb|WP_012263579.1)	96.739	460	13	2	1036023	1036481	1	459	0.0	765
CP010569.1	VFG050262(gb|NP_220136)	92.168	2643	183	20	700118	702745	2634	1	0.0	3712
CP010569.1	VFG050222(gb|NP_219545)	99.600	2001	8	0	46566	48566	2001	1	0.0	3651
CP010569.1	VFG043573(gb|NP_219906)	99.748	1983	5	0	452658	454640	1	1983	0.0	3635
CP010569.1	VFG050226(gb|NP_219608)	99.848	1971	3	0	121136	123106	1	1971	0.0	3624
CP010569.1	VFG043743(gb|NP_219669)	99.896	1921	1	1	189186	191106	1	1920	0.0	3535
CP010569.1	VFG049684(gb|NP_220380)	99.945	1806	1	0	1011007	1012812	1	1806	0.0	3330
CP010569.1	VFG049685(gb|WP_009872247)	99.889	1806	2	0	1011007	1012812	1	1806	0.0	3325
CP010569.1	VFG049686(gb|WP_009873463)	99.779	1806	4	0	1011007	1012812	1	1806	0.0	3314
CP010569.1	VFG042202(gb|NP_219563)	99.560	1818	8	0	69736	71553	1	1818	0.0	3314
CP010569.1	VFG049661(gb|NP_219502)	99.606	1776	7	0	1	1776	1	1776	0.0	3241
CP010569.1	VFG049662(gb|WP_011324514)	99.212	1776	8	1	1	1776	1	1770	0.0	3197
CP010569.1	VFG044459(gb|NP_220139)	95.876	1964	59	14	708166	710127	1944	1	0.0	3158
CP010569.1	VFG049664(gb|WP_012263581)	98.029	1776	32	1	1	1776	1	1773	0.0	3083
CP010569.1	VFG049663(gb|WP_009873482)	97.917	1776	34	1	1	1776	1	1773	0.0	3072
CP010569.1	VFG049668(gb|WP_009873543)	99.525	1683	8	0	94942	96624	1	1683	0.0	3064
CP010569.1	VFG050247(gb|NP_219793)	99.173	1692	14	0	322744	324435	1	1692	0.0	3048
CP010569.1	VFG049666(gb|NP_219585)	99.346	1683	11	0	94942	96624	1	1683	0.0	3048
CP010569.1	VFG050236(gb|NP_219666)	99.939	1647	1	0	186310	187956	1	1647	0.0	3037
CP010569.1	VFG043572(gb|NP_219955)	99.639	1662	6	0	513064	514725	1662	1	0.0	3037
CP010569.1	VFG049667(gb|WP_011324557)	99.109	1683	15	0	94942	96624	1	1683	0.0	3025
CP010569.1	VFG051451(gb|WP_009872660.1)	99.635	1644	6	0	513064	514707	1644	1	0.0	3003
CP010569.1	VFG051450(gb|WP_013984953.1)	99.148	1644	14	0	513064	514707	1644	1	0.0	2959
CP010569.1	VFG017029(gb|WP_011324743)	98.608	1581	16	2	532440	534020	376	1950	0.0	2793
CP010569.1	VFG017029(gb|WP_011324743)	97.533	1135	28	0	533912	535046	2187	3321	0.0	1941
CP010569.1	VFG017029(gb|WP_011324743)	97.543	407	10	0	532023	532429	1	407	0.0	697
CP010569.1	VFG017029(gb|WP_011324743)	98.071	311	2	2	532476	532786	562	868	3.68e-149	538
CP010569.1	VFG017029(gb|WP_011324743)	96.463	311	4	3	532629	532938	412	716	1.04e-139	507
CP010569.1	VFG017029(gb|WP_011324743)	98.734	158	1	1	532476	532633	712	868	2.46e-71	279
CP010569.1	VFG017029(gb|WP_011324743)	96.203	158	2	2	532782	532938	412	566	4.15e-64	255
CP010569.1	VFG002151(gb|NP_220383)	99.540	1521	7	0	1015375	1016895	1521	1	0.0	2771
CP010569.1	VFG017009(gb|WP_011324906)	99.474	1521	8	0	1015375	1016895	1521	1	0.0	2765
CP010569.1	VFG015598(gb|WP_009873466)	99.145	1521	13	0	1015375	1016895	1521	1	0.0	2737
CP010569.1	VFG016979(gb|WP_010725297)	99.864	1473	2	0	770148	771620	1	1473	0.0	2710
CP010569.1	VFG002148(gb|NP_220192)	99.796	1473	3	0	770148	771620	1	1473	0.0	2704
CP010569.1	VFG015592(gb|WP_009873285)	99.728	1473	4	0	770148	771620	1	1473	0.0	2699
CP010569.1	VFG002136(gb|NP_220093)	99.932	1464	1	0	650903	652366	1	1464	0.0	2699
CP010569.1	VFG016939(gb|WP_011324778)	99.863	1464	2	0	650903	652366	1	1464	0.0	2693
CP010569.1	VFG002150(gb|NP_220382)	99.393	1482	9	0	1013882	1015363	1482	1	0.0	2687
CP010569.1	VFG015584(gb|WP_009873912)	99.522	1464	7	0	650903	652366	1	1464	0.0	2665
CP010569.1	VFG002153(gb|NP_220385)	99.586	1449	6	0	1017440	1018888	1449	1	0.0	2643
CP010569.1	VFG050270(gb|NP_220318)	99.860	1425	2	0	936560	937984	1425	1	0.0	2621
CP010569.1	VFG015838(gb|WP_009873825)	96.323	1550	33	6	532476	534013	814	2351	0.0	2525
CP010569.1	VFG015838(gb|WP_009873825)	94.091	880	44	5	534168	535046	2146	3018	0.0	1330
CP010569.1	VFG015838(gb|WP_009873825)	98.947	380	4	0	532023	532402	1	380	0.0	680
CP010569.1	VFG015838(gb|WP_009873825)	90.966	476	15	11	532476	532938	508	968	1.65e-172	616
CP010569.1	VFG015838(gb|WP_009873825)	90.966	476	15	9	532476	532938	655	1115	1.65e-172	616
CP010569.1	VFG015838(gb|WP_009873825)	90.093	323	10	6	532476	532786	964	1276	1.81e-107	399
CP010569.1	VFG015838(gb|WP_009873825)	90.909	264	11	5	532676	532938	408	659	3.10e-90	342
CP010569.1	VFG015839(gb|WP_012263657)	96.323	1550	30	6	532476	534013	805	2339	0.0	2521
CP010569.1	VFG015839(gb|WP_012263657)	94.091	880	44	5	534168	535046	2134	3006	0.0	1330
CP010569.1	VFG015839(gb|WP_012263657)	98.684	380	5	0	532023	532402	1	380	0.0	675
CP010569.1	VFG015839(gb|WP_012263657)	92.888	464	14	4	532476	532938	511	956	0.0	656
CP010569.1	VFG015839(gb|WP_012263657)	92.888	464	14	4	532476	532938	658	1103	0.0	656
CP010569.1	VFG015839(gb|WP_012263657)	92.566	417	15	4	532523	532938	408	809	4.66e-163	584
CP010569.1	VFG015839(gb|WP_012263657)	90.712	323	8	4	532476	532786	952	1264	8.37e-111	411
CP010569.1	VFG015839(gb|WP_012263657)	92.045	264	11	3	532676	532938	408	662	2.38e-96	363
CP010569.1	VFG015839(gb|WP_012263657)	90.991	111	6	2	532829	532938	408	515	2.61e-31	147
CP010569.1	VFG002137(gb|NP_220094)	100.000	1320	0	0	652397	653716	1	1320	0.0	2438
CP010569.1	VFG016949(gb|WP_011324779)	99.924	1320	1	0	652397	653716	1	1320	0.0	2433
CP010569.1	VFG016959(gb|WP_011324814)	99.549	1329	6	0	766173	767501	1	1329	0.0	2422
CP010569.1	VFG015589(gb|WP_009872041)	99.549	1329	6	0	766173	767501	1	1329	0.0	2422
CP010569.1	VFG002144(gb|NP_220188)	99.549	1329	6	0	766173	767501	1	1329	0.0	2422
CP010569.1	VFG015588(gb|WP_009873281)	99.473	1329	7	0	766173	767501	1	1329	0.0	2416
CP010569.1	VFG051473(gb|WP_011324521.1)	99.770	1302	3	0	19151	20452	1	1302	0.0	2388
CP010569.1	VFG042185(gb|NP_220236)	99.693	1305	4	0	829935	831239	1305	1	0.0	2388
CP010569.1	VFG051474(gb|NP_219519.1)	99.616	1302	5	0	19151	20452	1	1302	0.0	2377
CP010569.1	VFG015586(gb|WP_009873913)	99.015	1320	13	0	652397	653716	1	1320	0.0	2366
CP010569.1	VFG051472(gb|WP_009873494.1)	99.309	1302	9	0	19151	20452	1	1302	0.0	2355
CP010569.1	VFG016849(gb|WP_011324561)	99.684	1266	4	0	102720	103985	1266	1	0.0	2316
CP010569.1	VFG002125(gb|NP_219592)	99.289	1266	9	0	102720	103985	1266	1	0.0	2289
CP010569.1	VFG015566(gb|WP_009873547)	99.052	1266	12	0	102720	103985	1266	1	0.0	2272
CP010569.1	VFG015567(gb|WP_012263595)	98.973	1266	13	0	102720	103985	1266	1	0.0	2266
CP010569.1	VFG049637(gb|NP_220372)	99.918	1218	1	0	1000343	1001560	1	1218	0.0	2244
CP010569.1	VFG049639(gb|WP_009873457)	99.754	1218	3	0	1000343	1001560	1	1218	0.0	2233
CP010569.1	VFG049638(gb|WP_011324896)	99.754	1218	3	0	1000343	1001560	1	1218	0.0	2233
CP010569.1	VFG050266(gb|NP_220214)	99.582	1197	5	0	798540	799736	1	1197	0.0	2183
CP010569.1	VFG050268(gb|NP_220231)	99.744	1173	3	0	824803	825975	1	1173	0.0	2150
CP010569.1	VFG016969(gb|WP_009872834)	99.554	1122	5	0	768892	770013	1	1122	0.0	2045
CP010569.1	VFG002147(gb|NP_220191)	99.109	1122	10	0	768892	770013	1	1122	0.0	2017
CP010569.1	VFG050229(gb|NP_219638)	100.000	1083	0	0	152831	153913	1	1083	0.0	2001
CP010569.1	VFG016869(gb|WP_009871439)	99.815	1083	2	0	106129	107211	1083	1	0.0	1989
CP010569.1	VFG002127(gb|NP_219594)	99.723	1083	3	0	106129	107211	1083	1	0.0	1984
CP010569.1	VFG015591(gb|WP_009873284)	98.396	1122	18	0	768892	770013	1	1122	0.0	1973
CP010569.1	VFG050220(gb|NP_219507)	99.176	1092	9	0	5748	6839	1092	1	0.0	1967
CP010569.1	VFG015590(gb|WP_009873284)	98.307	1122	19	0	768892	770013	1	1122	0.0	1967
CP010569.1	VFG015570(gb|WP_009873548)	99.446	1083	6	0	106129	107211	1083	1	0.0	1967
CP010569.1	VFG042184(gb|NP_220238)	99.403	1005	6	0	831842	832846	1005	1	0.0	1823
CP010569.1	VFG050251(gb|NP_219941)	99.293	990	7	0	499603	500592	990	1	0.0	1790
CP010569.1	VFG016879(gb|WP_010725253)	99.490	981	5	0	632549	633529	1	981	0.0	1784
CP010569.1	VFG002128(gb|NP_220074)	99.490	981	5	0	632549	633529	1	981	0.0	1784
CP010569.1	VFG015572(gb|WP_009873899)	98.879	981	8	1	632549	633529	1	978	0.0	1748
CP010569.1	VFG015573(gb|WP_012263666)	98.777	981	9	1	632549	633529	1	978	0.0	1742
CP010569.1	VFG049608(gb|WP_012263542)	98.663	972	10	1	797518	798489	1	969	0.0	1720
CP010569.1	VFG049607(gb|WP_009873303)	98.663	972	10	1	797518	798489	1	969	0.0	1720
CP010569.1	VFG049606(gb|WP_011324834)	98.457	972	15	0	797518	798489	1	972	0.0	1712
CP010569.1	VFG042187(gb|NP_220213)	98.354	972	16	0	797518	798489	1	972	0.0	1707
CP010569.1	VFG002131(gb|NP_220077)	99.674	921	3	0	635329	636249	1	921	0.0	1685
CP010569.1	VFG016899(gb|WP_009871927)	99.349	921	6	0	635329	636249	1	921	0.0	1668
CP010569.1	VFG015577(gb|WP_009871927)	99.349	921	6	0	635329	636249	1	921	0.0	1668
CP010569.1	VFG015576(gb|WP_009873902)	99.240	921	7	0	635329	636249	1	921	0.0	1663
CP010569.1	VFG002133(gb|NP_220079)	99.770	870	2	0	636552	637421	1	870	0.0	1596
CP010569.1	VFG016919(gb|WP_009871929)	99.655	870	3	0	636552	637421	1	870	0.0	1591
CP010569.1	VFG015580(gb|WP_009871929)	99.655	870	3	0	636552	637421	1	870	0.0	1591
CP010569.1	VFG050257(gb|NP_220044)	98.551	897	13	0	597886	598782	897	1	0.0	1585
CP010569.1	VFG050230(gb|NP_219645)	99.767	858	2	0	159679	160536	1	858	0.0	1574
CP010569.1	VFG050231(gb|NP_219646)	99.881	843	1	0	160538	161380	1	843	0.0	1552
CP010569.1	VFG049544(gb|WP_011324815)	99.413	852	2	1	768034	768882	1	852	0.0	1543
CP010569.1	VFG002146(gb|NP_220190)	99.413	852	2	1	768034	768882	1	852	0.0	1543
CP010569.1	VFG002129(gb|NP_220075)	99.642	837	3	0	633530	634366	1	837	0.0	1530
CP010569.1	VFG049545(gb|WP_009873283)	99.061	852	5	1	768034	768882	1	852	0.0	1526
CP010569.1	VFG017039(gb|WP_009871466)	99.757	822	2	0	137606	138427	822	1	0.0	1507
CP010569.1	VFG017038(gb|NP_219622)	99.635	822	3	0	137606	138427	822	1	0.0	1502
CP010569.1	VFG050232(gb|NP_219647)	97.902	858	18	0	161380	162237	1	858	0.0	1485
CP010569.1	VFG015840(gb|WP_009873574)	99.148	822	7	0	137606	138427	822	1	0.0	1480
CP010569.1	VFG050241(gb|NP_219728)	99.385	813	5	0	252160	252972	813	1	0.0	1474
CP010569.1	VFG042183(gb|NP_220333)	99.874	795	1	0	956522	957316	1	795	0.0	1463
CP010569.1	VFG015841(gb|WP_015505777)	98.662	822	11	0	137606	138427	822	1	0.0	1458
CP010569.1	VFG049633(gb|WP_011324879)	99.497	795	4	0	956522	957316	1	795	0.0	1447
CP010569.1	VFG050261(gb|NP_220135)	99.126	801	7	0	699262	700062	1	801	0.0	1441
CP010569.1	VFG050269(gb|NP_220257)	99.113	789	7	0	851332	852120	789	1	0.0	1419
CP010569.1	VFG042203(gb|NP_219564)	100.000	762	0	0	71661	72422	1	762	0.0	1408
CP010569.1	VFG049556(gb|WP_009872628)	99.739	765	2	0	457273	458037	1	765	0.0	1402
CP010569.1	VFG050239(gb|NP_219707)	100.000	756	0	0	228772	229527	1	756	0.0	1397
CP010569.1	VFG049554(gb|NP_219908)	99.346	765	5	0	457273	458037	1	765	0.0	1386
CP010569.1	VFG050235(gb|NP_219664)	99.730	741	2	0	184950	185690	741	1	0.0	1358
CP010569.1	VFG049634(gb|WP_009873425)	97.484	795	20	0	956522	957316	1	795	0.0	1358
CP010569.1	VFG050250(gb|NP_219893)	100.000	732	0	0	437720	438451	1	732	0.0	1352
CP010569.1	VFG002134(gb|NP_220091)	100.000	699	0	0	649792	650490	1	699	0.0	1291
CP010569.1	VFG042196(gb|NP_220127)	99.569	696	3	0	691521	692216	696	1	0.0	1269
CP010569.1	VFG015582(gb|WP_009873911)	99.428	699	4	0	649792	650490	1	699	0.0	1269
CP010569.1	VFG015574(gb|WP_009873901)	99.554	672	3	0	634645	635316	1	672	0.0	1225
CP010569.1	VFG049651(gb|WP_009872114)	100.000	660	0	0	850676	851335	660	1	0.0	1219
CP010569.1	VFG002143(gb|NP_220187)	99.405	672	4	0	765500	766171	1	672	0.0	1219
CP010569.1	VFG049650(gb|WP_009872114)	99.848	660	1	0	850676	851335	660	1	0.0	1214
CP010569.1	VFG016889(gb|WP_011324773)	99.256	672	5	0	634645	635316	1	672	0.0	1214
CP010569.1	VFG049649(gb|NP_220256)	99.697	660	2	0	850676	851335	660	1	0.0	1208
CP010569.1	VFG002130(gb|NP_220076)	99.107	672	6	0	634645	635316	1	672	0.0	1208
CP010569.1	VFG050238(gb|NP_219696)	94.961	774	15	1	216787	217536	774	1	0.0	1192
CP010569.1	VFG042200(gb|NP_219734)	99.537	648	3	0	256430	257077	648	1	0.0	1181
CP010569.1	VFG049629(gb|WP_011324654)	98.611	648	9	0	256430	257077	648	1	0.0	1147
CP010569.1	VFG049624(gb|NP_219733)	100.000	591	0	0	255691	256281	591	1	0.0	1092
CP010569.1	VFG002152(gb|NP_220384)	99.665	597	2	0	1016922	1017518	597	1	0.0	1092
CP010569.1	VFG049625(gb|WP_009871575)	99.831	591	1	0	255691	256281	591	1	0.0	1086
CP010569.1	VFG049630(gb|WP_009873657)	96.451	648	23	0	256430	257077	648	1	0.0	1070
CP010569.1	VFG049631(gb|WP_012263625)	96.296	648	24	0	256430	257077	648	1	0.0	1064
CP010569.1	VFG015836(gb|WP_012263572)	98.660	597	8	0	1016922	1017518	597	1	0.0	1059
CP010569.1	VFG050221(gb|NP_219508)	99.649	570	2	0	6967	7536	570	1	0.0	1042
CP010569.1	VFG049626(gb|WP_009873656)	98.477	591	9	0	255691	256281	591	1	0.0	1042
CP010569.1	VFG044458(gb|NP_220099)	100.000	552	0	0	658969	659520	1	552	0.0	1020
CP010569.1	VFG049577(gb|WP_009871950)	99.819	552	1	0	658969	659520	1	552	0.0	1014
CP010569.1	VFG050244(gb|NP_219731)	99.812	531	1	0	254364	254894	531	1	0.0	976
CP010569.1	VFG017059(gb|NP_219738)	99.441	537	3	0	260735	261271	1	537	0.0	976
CP010569.1	VFG017060(gb|WP_011324656)	99.069	537	5	0	260735	261271	1	537	0.0	965
CP010569.1	VFG015844(gb|WP_009873660)	99.069	537	5	0	260735	261271	1	537	0.0	965
CP010569.1	VFG015845(gb|WP_012263628)	98.883	537	6	0	260735	261271	1	537	0.0	959
CP010569.1	VFG042186(gb|NP_220237)	99.426	523	3	0	831313	831835	525	3	0.0	950
CP010569.1	VFG050249(gb|NP_219867)	98.510	537	8	0	410888	411424	1	537	0.0	948
CP010569.1	VFG016999(gb|WP_011324894)	99.615	519	2	0	998270	998788	519	1	0.0	948
CP010569.1	VFG015596(gb|WP_009873454)	99.615	519	2	0	998270	998788	519	1	0.0	948
CP010569.1	VFG016998(gb|NP_220368)	99.229	519	4	0	998270	998788	519	1	0.0	937
CP010569.1	VFG050271(gb|NP_220369)	99.606	507	2	0	998804	999310	507	1	0.0	926
CP010569.1	VFG049587(gb|WP_009871391)	99.802	504	1	0	48684	49187	504	1	0.0	926
CP010569.1	VFG049535(gb|WP_009873282)	99.606	507	2	0	767524	768030	1	507	0.0	926
CP010569.1	VFG049534(gb|WP_009872832)	99.606	507	2	0	767524	768030	1	507	0.0	926
CP010569.1	VFG050237(gb|NP_219683)	99.025	513	5	0	201902	202414	513	1	0.0	920
CP010569.1	VFG049619(gb|NP_219621)	99.603	504	2	0	136936	137439	1	504	0.0	920
CP010569.1	VFG049586(gb|WP_009871391)	99.603	504	2	0	48684	49187	504	1	0.0	920
CP010569.1	VFG044455(gb|NP_219546)	99.603	504	2	0	48684	49187	504	1	0.0	920
CP010569.1	VFG002145(gb|NP_220189)	99.408	507	3	0	767524	768030	1	507	0.0	920
CP010569.1	VFG049597(gb|WP_009871607)	99.797	492	1	0	292839	293330	1	492	0.0	904
CP010569.1	VFG044456(gb|NP_219765)	99.797	492	1	0	292839	293330	1	492	0.0	904
CP010569.1	VFG050224(gb|NP_219586)	99.379	483	3	0	96621	97103	1	483	0.0	876
CP010569.1	VFG050272(gb|NP_220370)	99.375	480	3	0	999338	999817	480	1	0.0	870
CP010569.1	VFG049621(gb|WP_009873573)	97.817	504	11	0	136936	137439	1	504	0.0	870
CP010569.1	VFG049622(gb|WP_012263601)	97.619	504	12	0	136936	137439	1	504	0.0	865
CP010569.1	VFG050225(gb|NP_219604)	100.000	462	0	0	118024	118485	462	1	0.0	854
CP010569.1	VFG049524(gb|WP_009872831)	100.000	450	0	0	765031	765480	1	450	0.0	832
CP010569.1	VFG050242(gb|NP_219729)	100.000	444	0	0	253363	253806	444	1	0.0	821
CP010569.1	VFG002142(gb|NP_220186)	99.556	450	2	0	765031	765480	1	450	0.0	821
CP010569.1	VFG050223(gb|NP_219556)	99.553	447	2	0	60777	61223	447	1	0.0	815
CP010569.1	VFG015564(gb|WP_009871436)	100.000	441	0	0	102242	102682	441	1	0.0	815
CP010569.1	VFG050259(gb|NP_220080)	99.550	444	2	0	637499	637942	444	1	0.0	809
CP010569.1	VFG016839(gb|WP_009871436)	99.773	441	1	0	102242	102682	441	1	0.0	809
CP010569.1	VFG002124(gb|NP_219591)	99.773	441	1	0	102242	102682	441	1	0.0	809
CP010569.1	VFG050258(gb|NP_220065)	99.531	426	2	0	620601	621026	426	1	0.0	776
CP010569.1	VFG044457(gb|NP_219779)	100.000	420	0	0	306680	307099	1	420	0.0	776
CP010569.1	VFG050228(gb|NP_219637)	100.000	414	0	0	152359	152772	1	414	0.0	765
CP010569.1	VFG049612(gb|WP_009873570)	97.964	442	8	1	135624	136065	1	441	0.0	765
CP010569.1	VFG049610(gb|NP_219618)	98.826	426	5	0	135624	136049	1	426	0.0	760
CP010569.1	VFG050253(gb|NP_219954)	96.732	459	6	3	512430	512885	453	1	0.0	756
CP010569.1	VFG050245(gb|NP_219732)	99.751	402	1	0	255010	255411	402	1	0.0	737
CP010569.1	VFG049566(gb|WP_009872829)	99.502	402	2	0	761545	761946	1	402	0.0	732
CP010569.1	VFG002138(gb|NP_220182)	99.254	402	3	0	761545	761946	1	402	0.0	726
CP010569.1	VFG050240(gb|AAC67814)	100.000	390	0	0	251630	252019	390	1	0.0	721
CP010569.1	VFG049567(gb|WP_009873278)	99.005	402	4	0	761545	761946	1	402	0.0	721
CP010569.1	VFG049611(gb|WP_049749261)	97.613	419	10	0	135631	136049	26	444	0.0	719
CP010569.1	VFG049589(gb|WP_010230124)	92.400	500	38	0	48688	49187	500	1	0.0	713
CP010569.1	VFG042201(gb|NP_219619)	98.496	399	6	0	136132	136530	1	399	0.0	704
CP010569.1	VFG049615(gb|WP_011324578)	97.990	398	8	0	136133	136530	2	399	0.0	691
CP010569.1	VFG050243(gb|NP_219730)	100.000	369	0	0	253897	254265	369	1	0.0	682
CP010569.1	VFG050256(gb|NP_219997)	99.727	366	1	0	561286	561651	1	366	0.0	671
CP010569.1	VFG050248(gb|NP_219852)	99.727	366	1	0	395691	396056	1	366	0.0	671
CP010569.1	VFG049616(gb|WP_009873571)	96.742	399	13	0	136132	136530	1	399	0.0	665
CP010569.1	VFG002135(gb|NP_220092)	100.000	360	0	0	650507	650866	1	360	0.0	665
CP010569.1	VFG017049(gb|NP_219737)	100.000	348	0	0	260311	260658	1	348	0.0	643
CP010569.1	VFG050246(gb|NP_219754)	99.145	351	3	0	280398	280748	1	351	1.64e-177	632
CP010569.1	VFG050234(gb|NP_219659)	100.000	342	0	0	180954	181295	342	1	1.64e-177	632
CP010569.1	VFG017050(gb|WP_011324655)	99.425	348	2	0	260311	260658	1	348	1.64e-177	632
CP010569.1	VFG015842(gb|WP_012263774)	99.138	348	3	0	260311	260658	1	348	7.64e-176	627
CP010569.1	VFG050252(gb|NP_219952)	99.705	339	1	0	509877	510215	1	339	3.55e-174	621
CP010569.1	VFG015843(gb|WP_012263627)	98.563	348	5	0	260311	260658	1	348	1.65e-172	616
CP010569.1	VFG050254(gb|NP_219962)	99.700	333	1	0	524948	525280	333	1	7.69e-171	610
CP010569.1	VFG050227(gb|NP_219620)	99.048	315	3	0	136535	136849	1	315	1.69e-157	566
CP010569.1	VFG050265(gb|NP_220175)	100.000	294	0	0	753963	754256	1	294	7.91e-151	544
CP010569.1	VFG050255(gb|NP_219986)	97.460	315	8	0	548244	548558	1	315	3.68e-149	538
CP010569.1	VFG015578(gb|WP_009871928)	100.000	285	0	0	636261	636545	1	285	7.97e-146	527
CP010569.1	VFG002132(gb|NP_220078)	99.649	285	1	0	636261	636545	1	285	3.71e-144	521
CP010569.1	VFG002141(gb|NP_220185)	100.000	252	0	0	764761	765012	1	252	1.76e-127	466
CP010569.1	VFG002140(gb|NP_220184)	100.000	252	0	0	764483	764734	1	252	1.76e-127	466
CP010569.1	VFG049515(gb|WP_009872038)	99.603	252	1	0	764761	765012	1	252	8.20e-126	460
CP010569.1	VFG049516(gb|WP_012263532)	99.206	252	2	0	764761	765012	1	252	3.81e-124	455
CP010569.1	VFG049505(gb|WP_009873280)	99.206	252	2	0	764483	764734	1	252	3.81e-124	455
CP010569.1	VFG050260(gb|NP_220123)	99.167	240	2	0	687201	687440	240	1	1.79e-117	433
CP010569.1	VFG050264(gb|NP_220171)	99.444	180	1	0	751175	751354	1	180	8.67e-86	327
